post_date	org	title	qualification	last_date	url	source	only_known	kind	source_url	state	category
	BPSC	School Teacher TRE 4.0 – 32388 Posts		26-10-2026	https://www.sarkariexam.com/bpsc-school-teacher-tre-4-0-2026/	SarkariExam – Online Forms	0	aggregator	https://www.sarkariexam.com/category/top-online-form/		
	Assam Rifles	Technical/ Tradesman		28-10-2026	https://www.sarkariexam.com/assam-rifles-technical-tradesman-2026/	SarkariExam – Online Forms	0	aggregator	https://www.sarkariexam.com/category/top-online-form/		
	Canara Bank	Apprentices – 3500 Posts		17-10-2026	https://www.sarkariexam.com/canara-bank-apprentices-2026/	SarkariExam – Online Forms	0	aggregator	https://www.sarkariexam.com/category/top-online-form/		
	ITBP	Head Constable (Education & Stress Counsellor)		27-10-2026	https://www.sarkariexam.com/itbp-head-constable-education-stress-counsellor-2026/	SarkariExam – Online Forms	0	aggregator	https://www.sarkariexam.com/category/top-online-form/		
	ITBP	Head Constable (Motor Mechanic)		27-10-2026	https://www.sarkariexam.com/itbp-head-constable-motor-mechanic-2026/	SarkariExam – Online Forms	0	aggregator	https://www.sarkariexam.com/category/top-online-form/		
	RRB	NTPC 10+2 UG Level		13-11-2026	https://www.sarkariexam.com/rrb-ntpc-102-ug-level-07-2026/	SarkariExam – Online Forms	0	aggregator	https://www.sarkariexam.com/category/top-online-form/		
	RRB	NTPC Graduate Level		06-11-2026	https://www.sarkariexam.com/rrb-ntpc-graduate-level-06-2026/	SarkariExam – Online Forms	0	aggregator	https://www.sarkariexam.com/category/top-online-form/		
	UPESSC	PRT Assistant Teacher – 12405 Posts		15-10-2026	https://www.sarkariexam.com/upessc-prt-assistant-teacher-2026/	SarkariExam – Online Forms	0	aggregator	https://www.sarkariexam.com/category/top-online-form/		
	SSC	CHSL 10+2 – 2536 Posts		07-10-2026	https://www.sarkariexam.com/ssc-chsl-2026/	SarkariExam – Online Forms	0	aggregator	https://www.sarkariexam.com/category/top-online-form/		
	Rajasthan	Safai Karamchari – 24752 Posts		13-10-2026	https://www.sarkariexam.com/rajasthan-safai-karamchari-2026/	SarkariExam – Online Forms	0	aggregator	https://www.sarkariexam.com/category/top-online-form/		
	UPESSC	PGT Teacher – 2607 Posts		17-10-2026	https://www.sarkariexam.com/upessc-pgt-teacher-2026/	SarkariExam – Online Forms	0	aggregator	https://www.sarkariexam.com/category/top-online-form/		
	SSC	CPO SI CAPF – 1871 Posts		30-09-2026	https://www.sarkariexam.com/ssc-cpo-si-capf-2026/	SarkariExam – Online Forms	0	aggregator	https://www.sarkariexam.com/category/top-online-form/		
	Bank of India	Specialist Officer SO		05-10-2026	https://www.sarkariexam.com/boi-so-2026/	SarkariExam – Online Forms	0	aggregator	https://www.sarkariexam.com/category/top-online-form/		
	SBI	SCO Wealth & Other Post		05-10-2026	https://www.sarkariexam.com/sbi-sco-wealth-other-post-2026/	SarkariExam – Online Forms	0	aggregator	https://www.sarkariexam.com/category/top-online-form/		
	BTSC	Touring Veterinary Officer		23-10-2026	https://www.sarkariexam.com/bihar-btsc-touring-veterinary-officer-2026/	SarkariExam – Online Forms	0	aggregator	https://www.sarkariexam.com/category/top-online-form/		
	BTSC	Fishery Extension Officer		23-10-2026	https://www.sarkariexam.com/bihar-btsc-fishery-extension-officer-2026/	SarkariExam – Online Forms	0	aggregator	https://www.sarkariexam.com/category/top-online-form/		
	MPESB	Subedar Steno, ASI		08-10-2026	https://www.sarkariexam.com/mpesb-subedar-steno-asi-2026/	SarkariExam – Online Forms	0	aggregator	https://www.sarkariexam.com/category/top-online-form/		
	Bank of Baroda	SO – 1100 Posts		01-10-2026	https://www.sarkariexam.com/bank-of-baroda-so-2026/	SarkariExam – Online Forms	0	aggregator	https://www.sarkariexam.com/category/top-online-form/		
	BHU	Non Teaching Various Post		01-10-2026	https://www.sarkariexam.com/bhu-non-teaching-various-post-2026/	SarkariExam – Online Forms	0	aggregator	https://www.sarkariexam.com/category/top-online-form/		
	UP	Anganwadi		05-10-2026	https://www.sarkariexam.com/up-anganwadi-bharti-2026/	SarkariExam – Online Forms	0	aggregator	https://www.sarkariexam.com/category/top-online-form/		
	MP Police	GD Constable – 7500 Posts		06-10-2026	https://www.sarkariexam.com/mpesb-mp-police-gd-constable-2026/	SarkariExam – Online Forms	0	aggregator	https://www.sarkariexam.com/category/top-online-form/		
	IBPS	Hindi Officer		06-10-2026	https://www.sarkariexam.com/ibps-hindi-officer-2026/	SarkariExam – Online Forms	0	aggregator	https://www.sarkariexam.com/category/top-online-form/		
	Indian Army	TGC 145		22-10-2026	https://www.sarkariexam.com/indian-army-tgc-145-2026/	SarkariExam – Online Forms	0	aggregator	https://www.sarkariexam.com/category/top-online-form/		
	Indian Army	Dental Corps		22-10-2026	https://www.sarkariexam.com/indian-army-dental-corps-2026/	SarkariExam – Online Forms	0	aggregator	https://www.sarkariexam.com/category/top-online-form/		
	NTPC	Assistant Officer		05-10-2026	https://www.sarkariexam.com/ntpc-assistant-officer-2026/	SarkariExam – Online Forms	0	aggregator	https://www.sarkariexam.com/category/top-online-form/		
	MECL	Non Executive		11-10-2026	https://www.sarkariexam.com/mecl-non-executive-2026/	SarkariExam – Online Forms	0	aggregator	https://www.sarkariexam.com/category/top-online-form/		
	HPSC	Food Safety Officer (FSO)		19-10-2026	https://www.sarkariexam.com/hpsc-food-safety-officer-fso-2026/	SarkariExam – Online Forms	0	aggregator	https://www.sarkariexam.com/category/top-online-form/		
	JSSC	10+2 Inter Level JILCCE		30-09-2026	https://www.sarkariexam.com/jharkhand-jssc-102-inter-level-jilcce-2026/	SarkariExam – Online Forms	0	aggregator	https://www.sarkariexam.com/category/top-online-form/		
	MPESB	Primary & Middle School Teacher		05-10-2026	https://www.sarkariexam.com/mpesb-primary-middle-school-teacher-2026/	SarkariExam – Online Forms	0	aggregator	https://www.sarkariexam.com/category/top-online-form/		
	UPSSSC	Junior Engineer JE Agriculture		07-10-2026	https://www.sarkariexam.com/upsssc-junior-engineer-je-agriculture-2026/	SarkariExam – Online Forms	0	aggregator	https://www.sarkariexam.com/category/top-online-form/		
	UPSC	Engineering Services Pre		06-10-2026	https://www.sarkariexam.com/upsc-engineering-services-pre-2027/	SarkariExam – Online Forms	0	aggregator	https://www.sarkariexam.com/category/top-online-form/		
	RUHS	Medical Officer		13-10-2026	https://www.sarkariexam.com/ruhs-medical-officer-2026/	SarkariExam – Online Forms	0	aggregator	https://www.sarkariexam.com/category/top-online-form/		
	UKSSSC	Group C Scaler		22-10-2026	https://www.sarkariexam.com/uksssc-group-c-scaler-2026/	SarkariExam – Online Forms	0	aggregator	https://www.sarkariexam.com/category/top-online-form/		
	MP High Court	Assistant Grade III		30-09-2026	https://www.sarkariexam.com/mp-high-court-assistant-grade-iii-online-form-2026/	SarkariExam – Online Forms	0	aggregator	https://www.sarkariexam.com/category/top-online-form/		
	Delhi High Court	SPA & PA		15-10-2026	https://www.sarkariexam.com/delhi-high-court-spa-and-pa-2026/	SarkariExam – Online Forms	0	aggregator	https://www.sarkariexam.com/category/top-online-form/		
	RRB	Paramedical CEN		14-10-2026	https://www.sarkariexam.com/railway-rrb-paramedical-2026/	SarkariExam – Online Forms	0	aggregator	https://www.sarkariexam.com/category/top-online-form/		
	UPSSSC	Veterinary Pharmacist		05-10-2026	https://www.sarkariexam.com/upsssc-veterinary-pharmacist-2026/	SarkariExam – Online Forms	0	aggregator	https://www.sarkariexam.com/category/top-online-form/		
	UP	Special TET		04-10-2026	https://www.sarkariexam.com/up-special-tet-2026/	SarkariExam – Online Forms	0	aggregator	https://www.sarkariexam.com/category/top-online-form/		
	UPSC	Various Post		02-10-2026	https://www.sarkariexam.com/upsc-various-post-2026/	SarkariExam – Online Forms	0	aggregator	https://www.sarkariexam.com/category/top-online-form/		
	UPSSSC	Senior Instructor		05-10-2026	https://www.sarkariexam.com/upsssc-senior-instructor-2026/	SarkariExam – Online Forms	0	aggregator	https://www.sarkariexam.com/category/top-online-form/		
	BPSSC	Bihar Police Company Commander		10-10-2026	https://www.sarkariexam.com/bpssc-bihar-police-company-commander-2026/	SarkariExam – Online Forms	0	aggregator	https://www.sarkariexam.com/category/top-online-form/		
	UPESSC	UP Assistant Professor		07-10-2026	https://www.sarkariexam.com/upessc-up-assistant-professor-2026/	SarkariExam – Online Forms	0	aggregator	https://www.sarkariexam.com/category/top-online-form/		
	CSIR NGRI	Technician		04-10-2026	https://www.sarkariexam.com/csir-ngri-technician-2026/	SarkariExam – Online Forms	0	aggregator	https://www.sarkariexam.com/category/top-online-form/		
	GIMS Noida	Staff Nurse		30-10-2026	https://www.sarkariexam.com/gims-noida-staff-nurse-2026/	SarkariExam – Online Forms	0	aggregator	https://www.sarkariexam.com/category/top-online-form/		
	CONCOR	MT, Assistant Officer		30-09-2026	https://www.sarkariexam.com/concor-mt-assistant-officer-2026/	SarkariExam – Online Forms	0	aggregator	https://www.sarkariexam.com/category/top-online-form/		
	NIC	Scientific / Technical Assistant		30-09-2026	https://www.sarkariexam.com/nic-scientific-technical-assistant-2026/	SarkariExam – Online Forms	0	aggregator	https://www.sarkariexam.com/category/top-online-form/		
	UKSSSC	Group C Various Posts		07-10-2026	https://www.sarkariexam.com/uksssc-group-c-various-posts-2026/	SarkariExam – Online Forms	0	aggregator	https://www.sarkariexam.com/category/top-online-form/		
